<?xml version="1.0" encoding="UTF-8"?>
<!-- Generated with envgen -->
<Environment>
    <Hardware>
        <ComputerType computerType="linuxmachine" manufacturer="unknown" name="linuxmachine" nicSpeed="1000" opSys="linux"/>
        <Domain name="localdomain"/>
        <Computer computerType="linuxmachine" domain="localdomain" name="localhost" netAddress="."/>
        <Switch name="Switch"/>
    </Hardware>
    <Software>
        <DropZone build="_" buildSet="DropZone" description="DropZone process" directory="/var/lib/HPCCSystems/mydropzone" name="mydropzone" ECLWatchVisible="true" umask="022">
            <ServerList name="ServerList" server="."/>
        </DropZone>
        <RoxieCluster allFilesDynamic="true" blindLogging="false" blobCacheMem="0" build="_" buildSet="roxie" callbackRetries="3" callbackTimeout="5000" channelsPerNode="1" checkCompleted="true" checkFileDate="true" copyResources="false" cyclicOffset="1" dafilesrvLookupTimeout="10000" daliServers="mydali" debugPermitted="true" defaultConcatPreload="0" defaultFetchPreload="0" defaultFullKeyedJoinPreload="0" defaultHighPriorityTimeLimit="0" defaultHighPriorityTimeWarning="5000" defaultKeyedJoinPreload="0" defaultLowPriorityTimeLimit="0" defaultLowPriorityTimeWarning="0" defaultMemoryLimit="0" defaultParallelJoinPreload="0" defaultPrefetchProjectPreload="10" defaultSLAPriorityTimeLimit="0" defaultSLAPriorityTimeWarning="5000" defaultStripLeadingWhitespace="1" description="Roxie cluster" directory="/var/lib/HPCCSystems/myroxie" diskReadBufferSize="65536" doIbytiDelay="true" enableHeartBeat="true" enableKeyDiff="true" enableSysLog="true" fastLaneQueue="true" fieldTranslationEnabled="payload" flushJHtreeCacheOnOOM="true" forceStdLog="false" heapRetainMemory="false" heapUseHugePages="false" heapUseTransparentHugePages="true" highTimeout="2000" ignoreMissingFiles="false" ignoreOrphans="true" indexReadChunkSize="60000" initIbytiDelay="100" jumboFrames="false" lazyOpen="smart" ldapPassword="" ldapUser="roxie" leafCacheMem="50" linuxYield="false" localFilesExpire="-1" localSlave="true" lockDali="false" lockSuperFiles="false" logFullQueries="false" logQueueDrop="32" logQueueLen="512" lowTimeout="10000" maxBlockSize="10000000" maxHttpConnectionRequests="0" maxHttpKeepAliveWait="5000" maxLocalFilesOpen="4000" maxLockAttempts="5" maxRemoteFilesOpen="1000" memoryStatsInterval="60" memTraceLevel="1" memTraceSizeLimit="0" minFreeDiskSpace="1073741824" minIbytiDelay="0" minLocalFilesOpen="2000" minRemoteFilesOpen="500" miscDebugTraceLevel="0" monitorDaliFileServer="false" multicastBase="239.1.1.1" multicastLast="239.1.254.254" multicastTTL="1" name="myroxie" nodeCacheMem="100" nodeCachePreload="false" numDataCopies="1" parallelAggregate="0" perChannelFlowLimit="10" pingInterval="60" pluginsPath="/opt/HPCCSystems/plugins" preabortIndexReadsThreshold="100" preabortKeyedJoinsThreshold="100" preferredSubnet="" preferredSubnetMask="" preloadOnceData="true" reloadRetriesFailed="true" remoteFilesExpire="3600000" roxieMulticastEnabled="true" serverThreads="30" simpleLocalKeyedJoins="true" siteCertificate="" slaTimeout="2000" slaveConfig="simple" slaveQueryReleaseDelaySeconds="60" slaveThreads="30" soapTraceLevel="1" socketCheckInterval="5000" SSHidentityfile="$HOME/.ssh/id_rsa" SSHpassword="" SSHretries="3" SSHtimeout="0" SSHusername="hpcc" statsExpiryTime="3600" systemMonitorInterval="60000" totalMemoryLimit="1073741824" traceEnabled="false" traceLevel="1" traceLimit="10" trapTooManyActiveQueries="true" udpFlowSocketsSize="131071" udpLocalWriteSocketSize="131071" udpMaxRetryTimedoutReqs="0" udpMaxSlotsPerClient="2147483647" udpMulticastBufferSize="131071" udpOutQsPriority="0" udpQueueSize="100" udpRequestToSendTimeout="5" udpResendLostPackets="true" udpSendQueueSize="50" udpTraceLevel="1" useHardLink="false" useLogQueue="true" useMemoryMappedIndexes="false" useRemoteResources="true" useTreeCopy="false">
            <RoxieFarmProcess aclName="" listenQueue="200" name="farm1" numThreads="30" port="9876" requestArrayThreads="5"/>
            <RoxieFarmProcess aclName="" listenQueue="200" name="farm2" numThreads="30" port="0" requestArrayThreads="5"/>
            <RoxieServerProcess computer="localhost" name="localhost" netAddress="."/>
        </RoxieCluster>
        <Topology build="_" buildSet="topology" name="topology">
            <Cluster name="hthor" prefix="hthor" alias="">
                <EclSchedulerProcess process="myeclscheduler"/>
                <EclAgentProcess process="myeclagent"/>
                <EclCCServerProcess process="myeclccserver"/>
            </Cluster>
            <Cluster name="thor" prefix="thor" alias="">
                <EclAgentProcess process="myeclagent"/>
                <EclCCServerProcess process="myeclccserver"/>
                <ThorCluster process="mythor"/>
                <EclSchedulerProcess process="myeclscheduler"/>
            </Cluster>
            <Cluster name="roxie" prefix="roxie" alias="">
                <RoxieCluster process="myroxie"/>
                <EclCCServerProcess process="myeclccserver"/>
                <EclSchedulerProcess process="myeclscheduler"/>
            </Cluster>
            <Cluster name="thor_roxie" prefix="thor" alias="">
                <EclCCServerProcess process="myeclccserver"/>
                <ThorCluster process="mythor"/>
                <RoxieCluster process="myroxie"/>
                <EclSchedulerProcess process="myeclscheduler"/>
            </Cluster>
        </Topology>
        <DaliServerProcess build="_" buildSet="dali" environment="/etc/HPCCSystems/environment.xml" name="mydali" recoverFromIncErrors="true">
            <Instance computer="localhost" directory="/var/lib/HPCCSystems/mydali" name="s1" netAddress="." port="7070"/>
        </DaliServerProcess>
        <DfuServerProcess build="_" buildSet="dfuserver" daliServers="mydali" description="DFU Server" monitorinterval="900" monitorqueue="dfuserver_monitor_queue" name="mydfuserver" queue="dfuserver_queue">
            <Instance computer="localhost" directory="/var/lib/HPCCSystems/mydfuserver" name="s1" netAddress="."/>
            <SSH SSHidentityfile="$HOME/.ssh/id_rsa" SSHpassword="" SSHretries="3" SSHtimeout="0" SSHusername=""/>
        </DfuServerProcess>
        <EclCCServerProcess build="_" buildSet="eclccserver" daliServers="mydali" description="EclCCServer process" enableEclccDali="true" enableSysLog="true" generatePrecompiledHeader="true" maxEclccProcesses="4" name="myeclccserver" traceLevel="1">
            <Instance computer="localhost" directory="/var/lib/HPCCSystems/myeclccserver" name="s1" netAddress="."/>
            <Option name="maxCompileThreads" value="2"/>
            <Option name="passDFSToEclcc" value="1"/>
        </EclCCServerProcess>
        <EspProcess build="_" buildSet="esp" componentfilesDir="/opt/HPCCSystems/componentfiles" controlPort="8010" daliServers="mydali" description="ESP server" enableSEHMapping="true" formOptionsAccess="false" httpConfigAccess="true" logLevel="1" logRequests="never" logResponses="false" txSummaryLevel="1" txSummaryResourceReq="false" maxBacklogQueueSize="200" maxConcurrentThreads="0" maxLogFileSize="0" maxRequestEntityLength="8000000" minCompressLength="1000" name="myesp" perfReportDelay="60" portalurl="http://hpccsystems.com/download">
            <Instance computer="localhost" directory="/var/lib/HPCCSystems/myesp" FQDN="" name="s1" netAddress="."/>
            <HTTPS acceptSelfSigned="true" CA_Certificates_Path="ca.pem" certificateFileName="/home/hpcc/certificate/certificate.pem" city="" country="US" daysValid="365" enableVerification="false" organization="Customer of HPCCSystems" organizationalUnit="" privateKeyFileName="/home/hpcc/certificate/key.pem" regenerateCredentials="false" requireAddressMatch="false" state="" trustedPeers="anyone"/>
            <Authentication htpasswdFile="/etc/HPCCSystems/.htpasswd" ldapConnections="10" ldapServer="" method="none" checkViewPermissions="false" passwordExpirationWarningDays="10"/>
            <EspBinding defaultForPort="true" defaultServiceVersion="" name="myespsmc" port="8010" protocol="http" resourcesBasedn="ou=SMC,ou=EspServices,ou=ecl" service="EclWatch" type="" workunitsBasedn="ou=workunits,ou=ecl" wsdlServiceAddress="">
                <AuthenticateFeature authenticate="Yes" description="Access to SMC service" path="SmcAccess" resource="SmcAccess" service="ws_smc"/>
                <AuthenticateFeature authenticate="Yes" description="Access to thor queues" path="ThorQueueAccess" resource="ThorQueueAccess" service="ws_smc"/>
                <AuthenticateFeature authenticate="Yes" description="Access to roxie control commands" path="RoxieControlAccess" resource="RoxieControlAccess" service="ws_smc"/>
                <AuthenticateFeature authenticate="Yes" description="Access to DFU" path="DfuAccess" resource="DfuAccess" service="ws_dfu"/>
                <AuthenticateFeature authenticate="Yes" description="Access to DFU XRef" path="DfuXrefAccess" resource="DfuXrefAccess" service="ws_dfuxref"/>
                <AuthenticateFeature authenticate="Yes" description="Access to machine information" path="MachineInfoAccess" resource="MachineInfoAccess" service="ws_machine"/>
                <AuthenticateFeature authenticate="Yes" description="Access to SNMP metrics information" path="MetricsAccess" resource="MetricsAccess" service="ws_machine"/>
                <AuthenticateFeature authenticate="Yes" description="Access to DFU workunits" path="DfuWorkunitsAccess" resource="DfuWorkunitsAccess" service="ws_fs"/>
                <AuthenticateFeature authenticate="Yes" description="Access to DFU exceptions" path="DfuExceptionsAccess" resource="DfuExceptions" service="ws_fs"/>
                <AuthenticateFeature authenticate="Yes" description="Access to spraying files" path="FileSprayAccess" resource="FileSprayAccess" service="ws_fs"/>
                <AuthenticateFeature authenticate="Yes" description="Access to despraying of files" path="FileDesprayAccess" resource="FileDesprayAccess" service="ws_fs"/>
                <AuthenticateFeature authenticate="Yes" description="Access to upload files to dropzone" path="FileUploadAccess" resource="FileUploadAccess" service="ws_fs"/>
                <AuthenticateFeature authenticate="Yes" description="Access to files in dropzone" path="FileIOAccess" resource="FileIOAccess" service="ws_fileio"/>
                <AuthenticateFeature authenticate="Yes" description="Access to package map" path="PackageMapAccess" resource="PackageMapAccess" service="ws_packageprocess"/>
                <AuthenticateFeature authenticate="Yes" description="Access to permissions for file scopes" path="FileScopeAccess" resource="FileScopeAccess" service="ws_access"/>
                <AuthenticateFeature authenticate="Yes" description="Access to WS ECL service" path="WsEclAccess" resource="WsEclAccess" service="ws_ecl"/>
                <AuthenticateFeature authenticate="Yes" description="Access to cluster topology" path="ClusterTopologyAccess" resource="ClusterTopologyAccess" service="ws_topology"/>
                <AuthenticateFeature authenticate="Yes" description="Access to own workunits" path="OwnWorkunitsAccess" resource="OwnWorkunitsAccess" service="ws_workunits"/>
                <AuthenticateFeature authenticate="Yes" description="Access to workunits owned by others" path="OthersWorkunitsAccess" resource="OthersWorkunitsAccess" service="ws_workunits"/>
                <AuthenticateFeature authenticate="Yes" description="Access to deploy workunits" path="DeployWorkunitsAccess" resource="DeployWorkunitsAccess" service="ws_workunits"/>
                <AuthenticateFeature authenticate="Yes" description="Access to ESDL configuration service" path="ESDLConfigAccess" resource="ESDLConfigAccess" service="ws_esdlconfig"/>
                <AuthenticateFeature authenticate="Yes" description="Access to ELK integration service" path="WsELKAccess" resource="WsELKAccess" service="ws_elk"/>
                <AuthenticateFeature authenticate="Yes" description="Access to ws store service" path="WsStoreAccess" resource="WsStoreAccess" service="ws_store"/>
                <AuthenticateFeature authenticate="Yes" description="Access to sign ECL code" path="CodeSignAccess" resource="CodeSignAccess" service="ws_codesign"/>
                <AuthenticateFeature authenticate="Yes" description="Access to ws Decoupled Log service" path="WsDecoupledLogAccess" resource="WsDecoupledLogAccess" service="ws_decoupledlogging"/>
                <Authenticate access="Read" description="Root access to SMC service" path="/" required="Read" resource="SmcAccess"/>
            </EspBinding>
            <EspBinding defaultForPort="true" defaultServiceVersion="" name="myws_ecl" port="8002" protocol="http" resourcesBasedn="ou=WsEcl,ou=EspServices,ou=ecl" service="ws_ecl" type="" workunitsBasedn="ou=workunits,ou=ecl" wsdlServiceAddress="">
                <AuthenticateFeature authenticate="Yes" description="Access to WS ECL service" path="WsEclAccess" resource="WsEclAccess" service="ws_ecl"/>
                <Authenticate access="Read" description="Root access to WS ECL service" path="/" required="Read" resource="WsEclAccess"/>
            </EspBinding>

            <EspBinding defaultForPort="true" defaultServiceVersion="" name="myws_sqlbinding" port="8510" protocol="http" resourcesBasedn="ou=WsSql,ou=EspServices,ou=ecl" service="ws_sql" type="" workunitsBasedn="ou=workunits,ou=ecl" wsdlServiceAddress="">
                <Authenticate access="Read" description="Root access to WS SQL service" path="/" required="Read" resource="WsSqlAccess"/>
                <AuthenticateFeature authenticate="Yes" description="Access to WS SQL service" path="WsSQLAccess" resource="WsSqlAccess" service="ws_sql"/>
                <AuthenticateFeature authenticate="Yes" description="Access to own workunits" path="OwnWorkunitsAccess" resource="OwnWorkunitsAccess" service="ws_sql"/>
                <AuthenticateFeature authenticate="Yes" description="Access to others&apos; workunits" path="OthersWorkunitsAccess" resource="OthersWorkunitsAccess" service="ws_sql"/>
                <AuthenticateFeature authenticate="Yes" description="Access to deploy workunits" path="DeployWorkunitsAccess" resource="DeployWorkunitsAccess" service="ws_sql"/>
            </EspBinding>

            <EspControlBinding defaultForPort="true" defaultServiceVersion="" name="espcontrol" protocol="http" resourcesBasedn="ou=WsEspControl,ou=EspServices,ou=ecl" service="espcontrol" type="" wsdlServiceAddress="">
                <Authenticate access="Read" description="Root access to WS Esp Control service" path="/" required="Read" resource="WsEspControlAccess"/>
                <AuthenticateFeature authenticate="Yes" description="Access to WS Esp Control service" path="WsEspControlAccess" resource="WsEspControlAccess" service="espcontrol"/>
            </EspControlBinding>
            <EspBinding defaultForPort="true" defaultServiceVersion="" name="DESDLBindingTemplate" port="0" protocol="http" resourcesBasedn="ou=DynamicESDL,ou=EspServices,ou=ecl" service="DESDLServiceTemplate" type="" workunitsBasedn="ou=workunits,ou=ecl" wsdlServiceAddress="">
                <Authenticate access="Read" description="Root access to DynamicESDL service" path="/" required="Read" resource="DynamicESDL"/>
                <AuthenticateFeature authenticate="Yes" description="Access to DynamicESDL service" path="DynamicESDL" resource="DynamicESDL" service="DynamicESDLTemplate"/>
            </EspBinding>
        </EspProcess>
        <Directories name="HPCCSystems">
            <Category dir="/var/log/[NAME]/[INST]" name="log"/>
            <Category dir="/var/lib/[NAME]/[INST]" name="run"/>
            <Category dir="/etc/[NAME]/[INST]" name="conf"/>
            <Category dir="/var/lib/[NAME]/[INST]/temp" name="temp"/>
            <Category dir="/var/lib/[NAME]/hpcc-data/[COMPONENT]" name="dali"/>
            <Category dir="/var/lib/[NAME]/hpcc-data/[COMPONENT]" name="data"/>
            <Category dir="/var/lib/[NAME]/hpcc-data2/[COMPONENT]" name="data2"/>
            <Category dir="/var/lib/[NAME]/hpcc-data3/[COMPONENT]" name="data3"/>
            <Category dir="/var/lib/[NAME]/hpcc-mirror/[COMPONENT]" name="mirror"/>
            <Category dir="/var/lib/[NAME]/queries/[INST]" name="query"/>
            <Category dir="/var/lock/[NAME]/[INST]" name="lock"/>
            <Category dir="/var/lib/[NAME]/hpcc-data4/[COMPONENT]" name="data4"/>
            <Category dir="/var/lib/[NAME]/keys" name="keys"/>
        </Directories>
        <EclAgentProcess allowedPipePrograms="*" build="_" buildSet="eclagent" daliServers="mydali" defaultMemoryLimitMB="300" description="EclAgent process" heapRetainMemory="false" heapUseHugePages="false" heapUseTransparentHugePages="true" name="myeclagent" pluginDirectory="/opt/HPCCSystems/plugins" thorConnectTimeout="600" traceLevel="0" wuQueueName="myeclagent_queue">
            <Instance computer="localhost" directory="/var/lib/HPCCSystems/myeclagent" name="s1" netAddress="."/>
        </EclAgentProcess>
        <FTSlaveProcess build="_" buildSet="ftslave" description="FTSlave process" name="myftslave" version="1">
            <Instance computer="localhost" directory="/var/lib/HPCCSystems/myftslave" name="s1" netAddress="." program="/opt/HPCCSystems/bin/ftslave"/>
        </FTSlaveProcess>
        <SashaServerProcess autoRestartInterval="0" build="_" buildSet="sasha" cachedWUat="* * * * *" cachedWUinterval="24" cachedWUlimit="100" coalesceAt="* * * * *" coalesceInterval="1" dafsmonAt="* * * * *" dafsmonInterval="0" dafsmonList="*" daliServers="mydali" description="Sasha Server process" DFUrecoveryAt="* * * * *" DFUrecoveryCutoff="4" DFUrecoveryInterval="12" DFUrecoveryLimit="20" DFUWUat="* * * * *" DFUWUcutoff="14" DFUWUduration="0" DFUWUinterval="24" DFUWUlimit="1000" DFUWUthrottle="0" ExpiryAt="* 3 * * *" ExpiryDefault="14" ExpiryInterval="24" keepResultFiles="false" LDSroot="LDS" logDir="." minDeltaSize="50000" name="mysasha" PersistExpiryDefault="7" recoverDeltaErrors="false" suspendCoalescerDuringXref="true" thorQMonInterval="1" thorQMonQueues="*" thorQMonSwitchMinTime="0" WUat="* * * * *" WUbackup="0" WUcutoff="8" WUduration="0" WUinterval="6" WUlimit="1000" WUretryinterval="7" WUthrottle="0" xrefAt="* 2 * * *" xrefCutoff="1" xrefEclWatchProvider="true" xrefInterval="672" xrefList="*" xrefMaxMemory="4096" xrefMaxScanThreads="500">
            <Instance computer="localhost" directory="/var/lib/HPCCSystems/mysasha" name="s1" netAddress="." port="8877"/>
        </SashaServerProcess>
        <EspService ActivityInfoCacheSeconds="10" ActivityInfoCacheAutoRebuildSeconds="120" allowNewRoxieOnDemandQuery="false" AWUsCacheTimeout="15" build="_" buildSet="espsmc" clusterQueryStateThreadPoolSize="25" defaultTargetCluster="" description="ESP services for SMC" disableUppercaseTranslation="false" enableSystemUseRewrite="false" excludePartitions="/dev*,/sys,/proc/*" monitorDaliFileServer="false" name="EclWatch" NodeGroupCacheMinutes="30" pluginsPath="/opt/HPCCSystems/plugins" serverForArchivedECLWU="" syntaxCheckQueue="" viewTimeout="1000" warnIfCpuLoadOver="95" warnIfFreeMemoryUnder="5" warnIfFreeStorageUnder="5" ZAPEmailTo="" ZAPEmailFrom="" ZAPEmailServer="" ZAPEmailServerPort="" ZAPEmailMaxAttachmentSize="">
            <Properties defaultPort="8010" defaultResourcesBasedn="ou=SMC,ou=EspServices,ou=ecl" defaultSecurePort="18010" type="WsSMC">
                <AuthenticateFeature description="Access to SMC service" path="SmcAccess" resource="SmcAccess" service="ws_smc"/>
                <AuthenticateFeature description="Access to thor queues" path="ThorQueueAccess" resource="ThorQueueAccess" service="ws_smc"/>
                <AuthenticateFeature description="Access to roxie control commands" path="RoxieControlAccess" resource="RoxieControlAccess" service="ws_smc"/>
                <AuthenticateFeature description="Access to DFU" path="DfuAccess" resource="DfuAccess" service="ws_dfu"/>
                <AuthenticateFeature description="Access to DFU XRef" path="DfuXrefAccess" resource="DfuXrefAccess" service="ws_dfuxref"/>
                <AuthenticateFeature description="Access to machine information" path="MachineInfoAccess" resource="MachineInfoAccess" service="ws_machine"/>
                <AuthenticateFeature description="Access to SNMP metrics information" path="MetricsAccess" resource="MetricsAccess" service="ws_machine"/>
                <AuthenticateFeature description="Access to DFU workunits" path="DfuWorkunitsAccess" resource="DfuWorkunitsAccess" service="ws_fs"/>
                <AuthenticateFeature description="Access to DFU exceptions" path="DfuExceptionsAccess" resource="DfuExceptions" service="ws_fs"/>
                <AuthenticateFeature description="Access to spraying files" path="FileSprayAccess" resource="FileSprayAccess" service="ws_fs"/>
                <AuthenticateFeature description="Access to despraying of files" path="FileDesprayAccess" resource="FileDesprayAccess" service="ws_fs"/>
                <AuthenticateFeature description="Access to upload files to dropzone" path="FileUploadAccess" resource="FileUploadAccess" service="ws_fs"/>
                <AuthenticateFeature description="Access to files in dropzone" path="FileIOAccess" resource="FileIOAccess" service="ws_fileio"/>
                <AuthenticateFeature description="Access to package map" path="PackageMapAccess" resource="PackageMapAccess" service="ws_packageprocess"/>
                <AuthenticateFeature description="Access to permissions for file scopes" path="FileScopeAccess" resource="FileScopeAccess" service="ws_access"/>
                <AuthenticateFeature description="Access to WS ECL service" path="WsEclAccess" resource="WsEclAccess" service="ws_ecl"/>
                <AuthenticateFeature description="Access to cluster topology" path="ClusterTopologyAccess" resource="ClusterTopologyAccess" service="ws_topology"/>
                <AuthenticateFeature description="Access to own workunits" path="OwnWorkunitsAccess" resource="OwnWorkunitsAccess" service="ws_workunits"/>
                <AuthenticateFeature description="Access to workunits owned by others" path="OthersWorkunitsAccess" resource="OthersWorkunitsAccess" service="ws_workunits"/>
                <AuthenticateFeature description="Access to deploy workunits" path="DeployWorkunitsAccess" resource="DeployWorkunitsAccess" service="ws_workunits"/>
                <AuthenticateFeature description="Access to ESDL configuration service" path="ESDLConfigAccess" resource="ESDLConfigAccess" service="ws_esdlconfig"/>
                <AuthenticateFeature description="Access to ELK integration service" path="WsELKAccess" resource="WsELKAccess" service="ws_elk"/>
                <AuthenticateFeature description="Access to ws store service" path="WsStoreAccess" resource="WsStoreAccess" service="ws_store"/>
                <AuthenticateFeature description="Access to sign ECL code" path="CodeSignAccess" resource="CodeSignAccess" service="ws_codesign"/>
                <AuthenticateFeature description="Access to ws Decoupled Log service" path="WsDecoupledLogAccess" resource="WsDecoupledLogAccess" service="ws_decoupledlogging"/>
                <ProcessFilters>
                    <Platform name="Windows">
                        <ProcessFilter name="any">
                            <Process name="dafilesrv"/>
                        </ProcessFilter>
                        <ProcessFilter multipleInstances="true" name="DfuServerProcess"/>
                        <ProcessFilter multipleInstances="true" name="EclCCServerProcess"/>
                        <ProcessFilter multipleInstances="true" name="EspProcess">
                            <Process name="dafilesrv" remove="true"/>
                        </ProcessFilter>
                    </Platform>
                    <Platform name="Linux">
                        <ProcessFilter name="any">
                            <Process name="dafilesrv"/>
                        </ProcessFilter>
                        <ProcessFilter multipleInstances="true" name="DfuServerProcess"/>
                        <ProcessFilter multipleInstances="true" name="EclCCServerProcess"/>
                        <ProcessFilter multipleInstances="true" name="EspProcess">
                            <Process name="dafilesrv" remove="true"/>
                        </ProcessFilter>
                        <ProcessFilter name="GenesisServerProcess">
                            <Process name="httpd"/>
                            <Process name="atftpd"/>
                            <Process name="dhcpd"/>
                        </ProcessFilter>
                    </Platform>
                </ProcessFilters>
                <Authenticate access="Read" description="Root access to SMC service" path="/" required="Read" resource="SmcAccess"/>
            </Properties>
        </EspService>
        <EspService build="_" buildSet="ws_ecl" description="WS ECL Service" name="ws_ecl" roxieTimeout="300" workunitTimeout="600">
            <Properties bindingType="ws_eclSoapBinding" defaultPort="8002" defaultResourcesBasedn="ou=WsEcl,ou=EspServices,ou=ecl" defaultSecurePort="18002" plugin="ws_ecl" type="ws_ecl">
                <AuthenticateFeature description="Access to WS ECL service" path="WsEclAccess" resource="WsEclAccess" service="ws_ecl"/>
                <Authenticate access="Read" description="Root access to WS ECL service" path="/" required="Read" resource="WsEclAccess"/>
            </Properties>
        </EspService>

        <EspService build="_" buildSet="ws_sql" description="myws_sql" name="ws_sql">
            <Properties bindingType="ws_sqlSoapBinding" defaultPort="8510" defaultResourcesBasedn="ou=WsSql,ou=EspServices,ou=ecl" defaultSecurePort="18510" plugin="ws_sql" type="ws_sql">
                <Authenticate access="Read" description="Root access to WS SQL service" path="/" required="Read" resource="WsSqlAccess"/>
                <AuthenticateFeature description="Access to WS SQL service" path="WsSQLAccess" resource="WsSqlAccess" service="ws_sql"/>
                <AuthenticateFeature description="Access to own workunits" path="OwnWorkunitsAccess" resource="OwnWorkunitsAccess" service="ws_sql"/>
                <AuthenticateFeature description="Access to others&apos; workunits" path="OthersWorkunitsAccess" resource="OthersWorkunitsAccess" service="ws_sql"/>
                <AuthenticateFeature description="Access to deploy workunits" path="DeployWorkunitsAccess" resource="DeployWorkunitsAccess" service="ws_sql"/>
            </Properties>
        </EspService>

        <EspService build="_" buildSet="DynamicESDL" description="My DynamicESDL Based Web Service Interface" LoggingManager="" name="DESDLServiceTemplate" namespaceBase="urn:hpccsystems:ws">
            <Properties bindingType="EsdlBinding" defaultPort="8043" defaultResourcesBasedn="ou=DynamicESDL,ou=EspServices,ou=ecl" defaultSecurePort="18043" plugin="esdl_svc_engine" type="DynamicESDL"/>
        </EspService>
        <DafilesrvProcess build="_" buildSet="dafilesrv" description="DaFileSrv process" name="mydafilesrv" parallelRequestLimit="20" throttleCPULimit="75" throttleDelayMs="5000" version="1">
            <Instance computer="localhost" directory="/var/lib/HPCCSystems/mydafilesrv" name="s1" netAddress="." parallelRequestLimit="20" throttleCPULimit="75" throttleDelayMs="5000"/>
        </DafilesrvProcess>
        <ThorCluster autoAffinity="true" autoCopyBackup="false" build="_" buildSet="thor" channelsPerSlave="1" compressInternalSpills="true" computer="localhost" daliServers="mydali" description="Thor process" fileCacheLimit="1800" heapRetainMemory="false" heapUseHugePages="false" heapUseTransparentHugePages="true" localThor="true" localThorPortInc="20" masterport="20000" monitorDaliFileServer="true" name="mythor" numaBindLocal="false" pluginsPath="/opt/HPCCSystems/plugins" replicateAsync="false" replicateOutputs="false" slaveport="20100" slavesPerNode="1" watchdogEnabled="true" watchdogProgressEnabled="true">
            <SwapNode AutoSwapNode="false"/>
            <ThorSlaveProcess computer="localhost" name="s1"/>
            <ThorMasterProcess computer="localhost" name="m1"/>
            <Debug/>
            <SSH SSHidentityfile="$HOME/.ssh/id_rsa" SSHpassword="" SSHretries="3" SSHtimeout="0" SSHusername="hpcc"/>
        </ThorCluster>
        <EclSchedulerProcess build="_" buildSet="eclscheduler" daliServers="mydali" description="EclScheduler process" name="myeclscheduler">
            <Instance computer="localhost" directory="/var/lib/HPCCSystems/myeclscheduler" name="s1" netAddress="."/>
        </EclSchedulerProcess>
        <TopoServerProcess build="_" buildSet="toposerver" description="Topology Server process" logdir="/var/log/HPCCSystems/mytoposerver" name="mytoposerver" port="9004" stdlog="true" traceLevel="1">
            <Instance computer="localhost" directory="/var/lib/HPCCSystems/mytoposerver" name="s1" netAddress="."/>
        </TopoServerProcess>
        <!-- Built with -DSPARK=OFF 
  <SparkThorProcess build="_" buildSet="sparkthor" name="mysparkthor" ThorClusterName="mythor" daliServers="mydali" SPARK_EXECUTOR_CORES="1" SPARK_EXECUTOR_MEMORY="1G" SPARK_MASTER_WEBUI_PORT="8080" SPARK_MASTER_PORT="7077" SPARK_WORKER_CORES="1" SPARK_WORKER_MEMORY="1G" SPARK_WORKER_PORT="7071">
   <Instance computer="localhost" directory="/var/lib/HPCCSystems/mysparkthor" name="s1" netAddress="."/>
   </SparkThorProcess>
   -->
    </Software>
    <EnvSettings>
        <pid>/var/run/HPCCSystems</pid>
        <sourcedir>/etc/HPCCSystems/source</sourcedir>
        <mpTraceLevel>0</mpTraceLevel>
        <mpStart>7101</mpStart>
        <jvmoptions>-XX:-UsePerfData</jvmoptions>
        <allow_pgcache_flush>true</allow_pgcache_flush>
        <environment>environment.xml</environment>
        <home>/home</home>
        <blockname>HPCCSystems</blockname>
        <mpEnd>7500</mpEnd>
        <group>hpcc</group>
        <interface>*</interface>
        <mpSoMaxConn>128</mpSoMaxConn>
        <user>hpcc</user>
        <classpath>/opt/HPCCSystems/classes</classpath>
        <log>/var/log/HPCCSystems</log>
        <logfields>TIM+DAT+MLT+MID+PID+TID+COD+QUO+PFX</logfields>
        <use_epoll>true</use_epoll>
        <udp_stats>true</udp_stats>
        <dfsUseSSL>SSLNone</dfsUseSSL>
        <runtime>/var/lib/HPCCSystems</runtime>
        <lock>/var/lock/HPCCSystems</lock>
        <configs>/etc/HPCCSystems</configs>
        <path>/opt/HPCCSystems</path>
        <Keys>
            <KeyPair name="mythor" publicKey="/home/hpcc/certificate/public.key.pem" privateKey="/home/hpcc/certificate/key.pem"/>
            <ClusterGroup name="mythor" keyPairName="mythor"/>
            <ClusterGroup name="myroxie" keyPairName="mythor"/>
            <ClusterGroup name="hthor__myeclagent" keyPairName="mythor"/>
        </Keys>
    </EnvSettings>
    <Programs>
        <Build name="_" url="/opt/HPCCSystems">
            <BuildSet installSet="deploy_map.xml" name="dafilesrv" path="componentfiles/dafilesrv" processName="DafilesrvProcess" schema="dafilesrv.xsd"/>
            <BuildSet installSet="deploy_map.xml" name="dali" path="componentfiles/dali" processName="DaliServerProcess" schema="dali.xsd"/>
            <BuildSet installSet="deploy_map.xml" name="dfuplus" overide="no" path="componentfiles/dfuplus" processName="DfuplusProcess" schema="dfuplus.xsd"/>
            <BuildSet installSet="deploy_map.xml" name="dfuserver" path="componentfiles/dfuserver" processName="DfuServerProcess" schema="dfuserver.xsd"/>
            <BuildSet deployable="no" installSet="deploy_map.xml" name="DropZone" path="componentfiles/DropZone" processName="DropZone" schema="dropzone.xsd"/>
            <BuildSet installSet="deploy_map.xml" name="eclagent" path="componentfiles/eclagent" processName="EclAgentProcess" schema="eclagent_config.xsd"/>
            <BuildSet installSet="deploy_map.xml" name="eclminus" overide="no" path="componentfiles/eclminus"/>
            <BuildSet installSet="deploy_map.xml" name="eclplus" overide="no" path="componentfiles/eclplus" processName="EclPlusProcess" schema="eclplus.xsd"/>
            <BuildSet installSet="eclccserver_deploy_map.xml" name="eclccserver" path="componentfiles/configxml" processName="EclCCServerProcess" schema="eclccserver.xsd"/>
            <BuildSet installSet="eclscheduler_deploy_map.xml" name="eclscheduler" path="componentfiles/configxml" processName="EclSchedulerProcess" schema="eclscheduler.xsd"/>
            <BuildSet installSet="deploy_map.xml" name="esp" path="componentfiles/esp" processName="EspProcess" schema="esp.xsd"/>
            <BuildSet deployable="no" installSet="deploy_map.xml" name="espsmc" path="componentfiles/espsmc" processName="EspService" schema="espsmcservice.xsd">
                <Properties defaultPort="8010" defaultResourcesBasedn="ou=SMC,ou=EspServices,ou=ecl" defaultSecurePort="18010" type="WsSMC">
                    <AuthenticateFeature description="Access to SMC service" path="SmcAccess" resource="SmcAccess" service="ws_smc"/>
                    <AuthenticateFeature description="Access to thor queues" path="ThorQueueAccess" resource="ThorQueueAccess" service="ws_smc"/>
                    <AuthenticateFeature description="Access to roxie control commands" path="RoxieControlAccess" resource="RoxieControlAccess" service="ws_smc"/>
                    <AuthenticateFeature description="Access to DFU" path="DfuAccess" resource="DfuAccess" service="ws_dfu"/>
                    <AuthenticateFeature description="Access to DFU XRef" path="DfuXrefAccess" resource="DfuXrefAccess" service="ws_dfuxref"/>
                    <AuthenticateFeature description="Access to machine information" path="MachineInfoAccess" resource="MachineInfoAccess" service="ws_machine"/>
                    <AuthenticateFeature description="Access to SNMP metrics information" path="MetricsAccess" resource="MetricsAccess" service="ws_machine"/>
                    <AuthenticateFeature description="Access to DFU workunits" path="DfuWorkunitsAccess" resource="DfuWorkunitsAccess" service="ws_fs"/>
                    <AuthenticateFeature description="Access to DFU exceptions" path="DfuExceptionsAccess" resource="DfuExceptions" service="ws_fs"/>
                    <AuthenticateFeature description="Access to spraying files" path="FileSprayAccess" resource="FileSprayAccess" service="ws_fs"/>
                    <AuthenticateFeature description="Access to despraying of files" path="FileDesprayAccess" resource="FileDesprayAccess" service="ws_fs"/>
                    <AuthenticateFeature description="Access to upload files to dropzone" path="FileUploadAccess" resource="FileUploadAccess" service="ws_fs"/>
                    <AuthenticateFeature description="Access to files in dropzone" path="FileIOAccess" resource="FileIOAccess" service="ws_fileio"/>
                    <AuthenticateFeature description="Access to package map" path="PackageMapAccess" resource="PackageMapAccess" service="ws_packageprocess"/>
                    <AuthenticateFeature description="Access to permissions for file scopes" path="FileScopeAccess" resource="FileScopeAccess" service="ws_access"/>
                    <AuthenticateFeature description="Access to WS ECL service" path="WsEclAccess" resource="WsEclAccess" service="ws_ecl"/>
                    <AuthenticateFeature description="Access to cluster topology" path="ClusterTopologyAccess" resource="ClusterTopologyAccess" service="ws_topology"/>
                    <AuthenticateFeature description="Access to own workunits" path="OwnWorkunitsAccess" resource="OwnWorkunitsAccess" service="ws_workunits"/>
                    <AuthenticateFeature description="Access to workunits owned by others" path="OthersWorkunitsAccess" resource="OthersWorkunitsAccess" service="ws_workunits"/>
                    <AuthenticateFeature description="Access to deploy workunits" path="DeployWorkunitsAccess" resource="DeployWorkunitsAccess" service="ws_workunits"/>
                    <AuthenticateFeature description="Access to ESDL configuration service" path="ESDLConfigAccess" resource="ESDLConfigAccess" service="ws_esdlconfig"/>
                    <AuthenticateFeature description="Access to ELK integration service" path="WsELKAccess" resource="WsELKAccess" service="ws_elk"/>
                    <AuthenticateFeature description="Access to sign ECL code" path="CodeSignAccess" resource="CodeSignAccess" service="ws_codesign"/>
                    <AuthenticateFeature description="Access to ws Decoupled Log service" path="WsDecoupledLogAccess" resource="WsDecoupledLogAccess" service="ws_decoupledlogging"/>
                    <ProcessFilters>
                        <Platform name="Windows">
                            <ProcessFilter name="any">
                                <Process name="dafilesrv"/>
                            </ProcessFilter>
                            <ProcessFilter multipleInstances="true" name="DfuServerProcess"/>
                            <ProcessFilter multipleInstances="true" name="EclCCServerProcess"/>
                            <ProcessFilter multipleInstances="true" name="EspProcess">
                                <Process name="dafilesrv" remove="true"/>
                            </ProcessFilter>
                        </Platform>
                        <Platform name="Linux">
                            <ProcessFilter name="any">
                                <Process name="dafilesrv"/>
                            </ProcessFilter>
                            <ProcessFilter multipleInstances="true" name="DfuServerProcess"/>
                            <ProcessFilter multipleInstances="true" name="EclCCServerProcess"/>
                            <ProcessFilter multipleInstances="true" name="EspProcess">
                                <Process name="dafilesrv" remove="true"/>
                            </ProcessFilter>
                            <ProcessFilter name="GenesisServerProcess">
                                <Process name="httpd"/>
                                <Process name="atftpd"/>
                                <Process name="dhcpd"/>
                            </ProcessFilter>
                        </Platform>
                    </ProcessFilters>
                    <Authenticate access="Read" description="Root access to SMC service" path="/" required="Read" resource="SmcAccess"/>
                </Properties>
            </BuildSet>
            <BuildSet installSet="deploy_map.xml" name="ftslave" path="componentfiles/ftslave" processName="FTSlaveProcess" schema="ftslave_linux.xsd"/>
            <BuildSet installSet="deploy_map.xml" name="hqltest" overide="no" path="componentfiles/hqltest" processName="HqlTestProcess"/>
            <BuildSet deployable="no" installSet="deploy_map.xml" name="ldapServer" path="componentfiles/ldapServer" processName="LDAPServerProcess" schema="ldapserver.xsd"/>
            <BuildSet installSet="roxie_deploy_map.xml" name="roxie" path="componentfiles/configxml" processName="RoxieCluster" schema="roxie.xsd"/>
            <BuildSet installSet="deploy_map.xml" name="sasha" path="componentfiles/sasha" processName="SashaServerProcess" schema="sasha.xsd"/>
            <BuildSet deployable="no" installSet="deploy_map.xml" name="SiteCertificate" overide="no" path="componentfiles/SiteCertificate" processName="SiteCertificate" schema="SiteCertificate.xsd"/>
            <BuildSet installSet="deploy_map.xml" name="soapplus" overide="no" path="componentfiles/soapplus" processName="SoapPlusProcess" schema="soapplus.xsd"/>
            <BuildSet installSet="deploy_map.xml" name="thor" path="componentfiles/thor" processName="ThorCluster" schema="thor.xsd"/>
            <BuildSet deployable="no" installSet="deploy_map.xml" name="topology" path="componentfiles/topology" processName="Topology" schema="topology.xsd"/>
            <BuildSet deployable="no" installSet="deploy_map.xml" name="ws_ecl" path="componentfiles/ws_ecl" processName="EspService" schema="esp_service_wsecl2.xsd">
                <Properties bindingType="ws_eclSoapBinding" defaultPort="8002" defaultResourcesBasedn="ou=WsEcl,ou=EspServices,ou=ecl" defaultSecurePort="18002" plugin="ws_ecl" type="ws_ecl">
                    <AuthenticateFeature description="Access to WS ECL service" path="WsEclAccess" resource="WsEclAccess" service="ws_ecl"/>
                    <Authenticate access="Read" description="Root access to WS ECL service" path="/" required="Read" resource="WsEclAccess"/>
                </Properties>
            </BuildSet>
            <BuildSet deployable="no" installSet="deploy_map.xml" name="DynamicESDL" path="componentfiles/esdlsvcengine" processName="EspService" schema="esdlsvcengine.xsd">
                <Properties bindingType="EsdlBinding" defaultPort="8043" defaultResourcesBasedn="ou=EspServices,ou=ecl" defaultSecurePort="18043" plugin="esdl_svc_engine" type="DynamicESDL"/>
            </BuildSet>
            <BuildSet deployable="no" installSet="deploy_map.xml" name="esploggingagent" path="componentfiles/esploggingagent" processName="ESPLoggingAgent" schema="esploggingagent.xsd"/>
            <BuildSet deployable="no" installSet="deploy_map.xml" name="loggingmanager" path="componentfiles/loggingmanager" processName="LoggingManager" schema="loggingmanager.xsd"/>
            <BuildSet deployable="no" installSet="deploy_map.xml" name="wslogging" path="componentfiles/wslogging" processName="EspService" schema="wslogging.xsd">
                <Properties bindingType="loggingservice_binding" defaultPort="8146" defaultResourcesBasedn="ou=EspServices,ou=ecl" defaultSecurePort="18146" plugin="wslogging" type="wslogging">
                    <AuthenticateFeature description="Access to WS Logging service" path="WsLoggingAccess" resource="WsLoggingAccess" service="wslogging"/>
                    <Authenticate access="Read" description="Root access to WS Logging service" path="/" required="Read" resource="WsLoggingAccess"/>
                </Properties>
            </BuildSet>
            <BuildSet installSet="deploy_map.xml" name="toposerver" path="componentfiles/toposerver" processName="TopoServerProcess" schema="toposerver.xsd"/>
            <!-- Built with -DSPARK=OFF 
   <BuildSet installSet="deploy_map.xml" name="sparkthor" path="componentfiles/sparkthor" processName="SparkThorProcess" schema="sparkThor.xsd"/>
   -->
        </Build>
    </Programs>
</Environment>
